trip_distance_id,trip_distance
0,2.5
1,2.9
2,19.98
3,10.78
4,30.43
5,5.92
6,5.72
7,6.2
8,0.7
9,7.18
10,0.54
11,1.7
12,1.1
13,2.1
14,8.54
15,2.0
16,3.2
17,1.59
18,16.81
19,0.5
20,0.6
21,9.9
22,0.8
23,0.49
24,5.31
25,3.5
26,9.14
27,2.17
28,18.03
29,1.0
30,11.53
31,4.26
32,2.66
33,2.4
34,3.7
35,1.3
36,9.2
37,0.79
38,0.95
39,6.9
40,3.11
41,3.8
42,2.8
43,1.21
44,1.31
45,2.7
46,5.39
47,2.82
48,2.07
49,7.7
50,5.1
51,3.34
52,2.69
53,0.71
54,1.42
55,4.28
56,1.84
57,3.95
58,3.65
59,9.46
60,0.48
61,19.35
62,11.25
63,2.2
64,4.65
65,1.8
66,10.34
67,6.8
68,1.4
69,6.3
70,5.52
71,3.4
72,9.79
73,1.04
74,10.2
75,2.54
76,1.32
77,1.51
78,1.16
79,0.89
80,7.06
81,5.57
82,0.99
83,2.81
84,2.45
85,2.61
86,0.73
87,1.92
88,3.25
89,4.83
90,2.46
91,2.85
92,4.33
93,5.06
94,9.5
95,0.55
96,1.5
97,1.2
98,5.4
99,1.43
100,2.99
101,0.46
102,2.91
103,0.9
104,4.76
105,4.51
106,2.3
107,5.66
108,1.47
109,18.34
110,1.74
111,20.2
112,3.37
113,18.95
114,3.32
115,3.9
116,0.2
117,7.91
118,10.0
119,1.07
120,9.1
121,18.9
122,0.58
123,2.59
124,5.98
125,0.42
126,9.55
127,0.35
128,8.97
129,3.49
130,1.53
131,3.77
132,1.65
133,1.96
134,1.6
135,5.14
136,2.51
137,18.3
138,3.3
139,0.93
140,3.22
141,2.23
142,4.44
143,11.43
144,1.37
145,2.38
146,1.91
147,2.31
148,1.33
149,4.09
150,4.14
151,6.94
152,0.92
153,2.36
154,1.56
155,2.19
156,3.87
157,1.13
158,1.19
159,1.22
160,1.03
161,0.85
162,4.94
163,1.15
164,2.77
165,2.72
166,0.41
167,0.75
168,1.62
169,0.88
170,4.84
171,0.3
172,17.49
173,1.63
174,1.02
175,3.17
176,11.15
177,12.59
178,2.67
179,0.83
180,0.53
181,18.04
182,3.28
183,2.05
184,0.94
185,0.72
186,1.18
187,1.57
188,4.85
189,0.56
190,2.58
191,2.89
192,2.55
193,0.61
194,1.06
195,1.26
196,3.05
197,12.92
198,1.28
199,2.01
200,5.54
201,0.86
202,15.18
203,3.14
204,3.13
205,2.94
206,4.79
207,2.53
208,2.02
209,4.21
210,0.67
211,6.38
212,1.08
213,7.4
214,1.29
215,1.41
216,1.34
217,7.45
218,5.59
219,2.04
220,1.36
221,3.62
222,0.77
223,1.12
224,2.44
225,3.38
226,10.17
227,1.23
228,4.19
229,2.28
230,3.54
231,2.09
232,1.95
233,2.08
234,10.42
235,5.83
236,1.78
237,6.05
238,1.09
239,17.43
240,4.6
241,0.84
242,2.62
243,3.79
244,1.93
245,1.97
246,0.74
247,6.71
248,4.66
249,13.28
250,6.81
251,1.44
252,3.08
253,3.91
254,6.24
255,16.28
256,0.01
257,0.0
258,4.29
259,2.64
260,1.66
261,0.59
262,2.39
263,10.29
264,8.81
265,5.16
266,2.49
267,0.82
268,0.97
269,1.11
270,6.75
271,8.17
272,0.39
273,1.46
274,2.76
275,4.05
276,5.51
277,3.57
278,2.88
279,0.87
280,0.43
281,0.52
282,1.25
283,0.69
284,1.17
285,1.99
286,18.85
287,2.16
288,2.56
289,6.03
290,8.35
291,17.17
292,19.57
293,3.06
294,2.43
295,9.7
296,0.02
297,4.81
298,17.47
299,1.61
300,3.03
301,5.56
302,3.85
303,2.13
304,8.91
305,7.82
306,9.66
307,1.69
308,0.65
309,4.75
310,2.87
311,2.34
312,2.14
313,22.0
314,4.69
315,13.27
316,2.15
317,1.81
318,0.81
319,3.1
320,18.67
321,18.05
322,8.74
323,12.76
324,1.27
325,4.63
326,3.35
327,3.52
328,2.12
329,1.73
330,1.05
331,2.22
332,5.32
333,3.68
334,1.87
335,3.02
336,1.54
337,6.5
338,4.1
339,6.53
340,20.6
341,2.35
342,2.79
343,18.23
344,1.48
345,3.82
346,8.95
347,1.49
348,1.24
349,2.78
350,1.01
351,0.04
352,4.56
353,2.03
354,2.33
355,1.88
356,0.64
357,18.81
358,17.36
359,5.5
360,2.41
361,0.98
362,2.75
363,3.94
364,5.02
365,0.68
366,3.67
367,4.4
368,4.92
369,3.29
370,14.76
371,12.39
372,5.78
373,6.76
374,5.13
375,0.96
376,2.95
377,4.2
378,2.68
379,13.92
380,19.02
381,6.36
382,2.11
383,1.55
384,2.29
385,6.72
386,4.97
387,17.83
388,16.3
389,2.52
390,8.46
391,3.45
392,0.91
393,17.89
394,17.18
395,5.36
396,3.81
397,7.11
398,17.56
399,1.79
400,2.86
401,1.89
402,8.1
403,0.76
404,17.38
405,4.0
406,2.71
407,0.63
408,3.66
409,0.44
410,3.09
411,12.25
412,9.07
413,19.47
414,12.55
415,0.62
416,11.27
417,0.45
418,2.84
419,6.37
420,7.37
421,4.68
422,1.35
423,7.01
424,6.39
425,0.25
426,4.24
427,1.72
428,1.9
429,0.66
430,9.49
431,2.18
432,5.68
433,3.18
434,2.97
435,10.88
436,10.75
437,11.22
438,7.42
439,2.48
440,16.75
441,18.98
442,4.37
443,3.04
444,4.43
445,1.58
446,15.79
447,3.97
448,12.75
449,5.96
450,2.74
451,3.42
452,4.03
453,1.14
454,4.31
455,4.7
456,10.74
457,1.64
458,16.27
459,7.41
460,3.15
461,1.98
462,0.47
463,8.44
464,3.07
465,2.42
466,20.3
467,1.86
468,3.01
469,2.37
470,4.91
471,1.67
472,9.22
473,12.05
474,3.31
475,2.65
476,7.53
477,2.73
478,2.83
479,2.25
480,1.83
481,0.78
482,5.99
483,4.87
484,2.47
485,4.88
486,2.21
487,10.93
488,9.09
489,4.9
490,2.96
491,1.71
492,2.06
493,6.79
494,18.24
495,2.6
496,12.54
497,4.23
498,1.77
499,10.26
500,11.38
501,2.26
502,3.84
503,5.77
504,5.17
505,5.97
506,17.77
507,10.28
508,6.14
509,2.93
510,4.58
511,4.17
512,1.75
513,3.23
514,1.76
515,3.53
516,1.39
517,2.24
518,3.44
519,7.5
520,2.57
521,3.98
522,18.79
523,6.17
524,10.65
525,17.6
526,5.61
527,0.37
528,4.02
529,1.52
530,20.89
531,8.78
532,16.68
533,1.82
534,3.12
535,2.92
536,0.57
537,0.31
538,1.85
539,0.51
540,19.71
541,10.61
542,18.64
543,3.6
544,4.8
545,22.75
546,6.35
547,13.3
548,1.38
549,11.06
550,16.53
551,4.64
552,3.21
553,3.93
554,12.6
555,0.24
556,10.55
557,12.07
558,13.45
559,11.59
560,6.58
561,5.35
562,4.77
563,6.43
564,3.99
565,8.2
566,11.12
567,12.93
568,11.19
569,8.19
570,3.16
571,19.17
572,3.71
573,5.2
574,13.09
575,5.79
576,3.55
577,17.82
578,6.04
579,8.71
580,9.47
581,12.33
582,10.52
583,7.75
584,5.29
585,6.31
586,6.89
587,2.98
588,10.03
589,3.58
590,5.89
591,1.68
592,22.56
593,5.24
594,12.24
595,16.64
596,0.18
597,0.36
598,3.47
599,13.38
600,4.72
601,14.87
602,4.27
603,12.3
604,11.46
605,8.77
606,3.61
607,5.08
608,6.23
609,11.75
610,4.74
611,3.24
612,3.36
613,11.96
614,3.96
615,4.39
616,4.46
617,11.79
618,5.23
619,9.93
620,4.59
621,8.66
622,5.27
623,8.57
624,9.24
625,11.54
626,2.32
627,2.27
628,5.55
629,7.47
630,5.3
631,6.82
632,6.06
633,3.63
634,10.06
635,12.69
636,3.78
637,8.89
638,5.0
639,9.67
640,7.73
641,7.21
642,4.48
643,8.65
644,5.05
645,4.32
646,3.26
647,3.86
648,7.67
649,7.49
650,4.04
651,2.63
652,14.98
653,0.29
654,5.26
655,18.11
656,3.88
657,5.62
658,6.69
659,3.27
660,5.03
661,5.37
662,4.61
663,9.16
664,4.07
665,14.1
666,17.04
667,13.79
668,15.81
669,13.01
670,9.48
671,26.27
672,5.43
673,3.56
674,8.04
675,4.47
676,6.29
677,9.06
678,21.04
679,9.05
680,0.38
681,1.45
682,7.87
683,18.31
684,3.19
685,8.6
686,9.08
687,8.23
688,9.26
689,5.18
690,6.16
691,16.94
692,9.4
693,16.62
694,3.0
695,4.22
696,11.4
697,6.95
698,7.24
699,0.32
700,18.54
701,9.98
702,10.6
703,19.28
704,19.43
705,3.64
706,5.34
707,17.34
708,4.41
709,12.1
710,11.93
711,0.16
712,4.49
713,6.88
714,10.94
715,18.41
716,5.76
717,6.34
718,5.45
719,11.31
720,6.26
721,8.55
722,18.44
723,16.85
724,18.29
725,8.05
726,6.7
727,9.37
728,13.5
729,3.74
730,6.85
731,3.41
732,4.67
733,17.1
734,8.98
735,6.48
736,18.36
737,7.08
738,16.49
739,20.54
740,9.82
741,18.22
742,8.11
743,5.7
744,7.89
745,5.07
746,11.16
747,10.37
748,0.4
749,3.73
750,8.85
751,4.15
752,18.97
753,6.12
754,6.08
755,1.94
756,6.99
757,8.87
758,20.67
759,10.27
760,12.9
761,19.69
762,4.78
763,7.74
764,3.59
765,8.58
766,4.5
767,3.39
768,9.73
769,6.57
770,3.51
771,18.06
772,29.32
773,5.95
774,7.64
775,6.32
776,12.44
777,6.98
778,16.77
779,3.92
780,19.64
781,12.74
782,17.39
783,3.46
784,16.7
785,11.98
786,5.49
787,6.51
788,8.86
789,4.01
790,5.58
791,3.33
792,6.55
793,18.17
794,12.91
795,17.58
796,6.25
797,8.14
798,0.26
799,10.64
800,3.89
801,9.54
802,17.07
803,6.62
804,3.48
805,7.12
806,11.82
807,7.25
808,11.18
809,23.86
810,6.13
811,20.58
812,25.82
813,25.21
814,8.63
815,17.42
816,22.15
817,0.34
818,13.64
819,4.12
820,4.55
821,21.01
822,10.48
823,6.4
824,10.8
825,11.03
826,4.45
827,5.01
828,4.95
829,4.11
830,11.72
831,17.85
832,3.69
833,17.32
834,11.01
835,5.04
836,5.09
837,21.83
838,4.16
839,10.02
840,4.99
841,5.64
842,11.66
843,17.66
844,6.01
845,0.17
846,7.83
847,5.15
848,5.8
849,9.02
850,14.24
851,5.47
852,19.39
853,19.54
854,4.36
855,13.97
856,7.56
857,12.34
858,5.91
859,7.65
860,4.73
861,10.47
862,5.19
863,6.27
864,9.17
865,6.07
866,17.78
867,8.72
868,17.06
869,4.34
870,4.62
871,8.28
872,7.43
873,6.67
874,10.41
875,8.02
876,4.38
877,0.27
878,13.73
879,4.06
880,0.33
881,9.01
882,11.2
883,15.5
884,19.36
885,9.34
886,14.25
887,7.14
888,7.98
889,0.07
890,8.0
891,3.75
892,5.6
893,9.81
894,11.7
895,15.57
896,8.42
897,5.25
898,12.64
899,13.87
900,16.45
901,10.85
902,6.1
903,6.73
904,13.42
905,6.45
906,0.05
907,11.23
908,17.8
909,11.73
910,20.38
911,11.07
912,14.65
913,8.45
914,4.52
915,19.99
916,10.97
917,6.84
918,8.53
919,5.9
920,7.22
921,18.18
922,12.37
923,29.22
924,9.84
925,7.35
926,5.38
927,5.74
928,11.24
929,19.6
930,13.35
931,10.18
932,8.51
933,9.19
934,16.39
935,16.78
936,7.62
937,19.24
938,4.53
939,16.21
940,5.22
941,16.98
942,11.58
943,4.96
944,0.08
945,9.74
946,16.9
947,12.11
948,17.99
949,6.0
950,21.24
951,19.59
952,8.82
953,7.03
954,19.88
955,7.16
956,14.32
957,10.69
958,8.96
959,18.15
960,8.26
961,8.09
962,5.86
963,10.79
964,18.32
965,8.29
966,20.35
967,10.38
968,3.43
969,6.44
970,7.15
971,9.53
972,6.21
973,7.32
974,6.49
975,19.44
976,8.01
977,8.15
978,10.46
979,18.74
980,17.4
981,17.14
982,4.08
983,29.3
984,8.9
985,12.09
986,6.96
987,3.76
988,18.49
989,19.65
990,19.27
991,4.54
992,4.98
993,14.33
994,4.82
995,7.3
996,10.3
997,9.42
998,21.4
999,4.25
1000,17.62
1001,7.07
1002,10.49
1003,5.67
1004,10.95
1005,12.45
1006,5.84
1007,8.16
1008,7.17
1009,4.3
1010,10.91
1011,18.19
1012,13.93
1013,17.73
1014,11.3
1015,9.94
1016,9.21
1017,7.44
1018,12.36
1019,17.44
1020,7.77
1021,6.66
1022,10.16
1023,12.42
1024,16.86
1025,44.49
1026,15.46
1027,5.11
1028,6.78
1029,20.53
1030,10.13
1031,8.79
1032,19.97
1033,6.02
1034,19.49
1035,21.46
1036,7.31
1037,9.29
1038,12.62
1039,3.72
1040,9.0
1041,0.23
1042,22.78
1043,8.36
1044,10.35
1045,5.41
1046,5.81
1047,9.36
1048,12.88
1049,11.08
1050,9.13
1051,5.69
1052,7.57
1053,11.28
1054,6.18
1055,4.89
1056,5.65
1057,5.63
1058,19.32
1059,9.87
1060,0.03
1061,21.2
1062,8.64
1063,14.69
1064,10.81
1065,17.55
1066,6.68
1067,6.09
1068,9.86
1069,6.65
1070,12.87
1071,5.21
1072,9.6
1073,8.22
1074,12.04
1075,17.45
1076,20.78
1077,21.03
1078,8.03
1079,8.3
1080,3.83
1081,6.15
1082,9.52
1083,10.99
1084,10.54
1085,10.32
1086,9.8
1087,6.46
1088,15.48
1089,7.27
1090,10.71
1091,12.48
1092,8.12
1093,13.13
1094,17.61
1095,4.71
1096,10.83
1097,19.85
1098,18.71
1099,21.28
1100,14.64
1101,0.28
1102,12.71
1103,18.14
1104,0.22
1105,19.86
1106,11.0
1107,17.46
1108,16.2
1109,17.09
1110,7.52
1111,7.76
1112,8.56
1113,6.54
1114,7.61
1115,4.35
1116,14.18
1117,6.22
1118,9.3
1119,6.52
1120,9.39
1121,6.19
1122,14.56
1123,28.2
1124,9.31
1125,18.89
1126,20.5
1127,12.06
1128,9.41
1129,4.57
1130,7.13
1131,16.41
1132,20.84
1133,9.64
1134,7.86
1135,18.45
1136,8.25
1137,7.96
1138,19.11
1139,18.57
1140,9.85
1141,18.69
1142,21.63
1143,12.84
1144,7.39
1145,9.18
1146,0.1
1147,12.79
1148,13.55
1149,8.62
1150,10.19
1151,0.11
1152,22.65
1153,7.93
1154,7.94
1155,4.93
1156,8.92
1157,17.71
1158,18.84
1159,12.98
1160,43.65
1161,15.03
1162,8.31
1163,9.45
1164,17.69
1165,8.06
1166,8.69
1167,16.91
1168,4.42
1169,11.34
1170,14.57
1171,5.82
1172,14.72
1173,8.21
1174,10.45
1175,0.19
1176,9.35
1177,17.15
1178,20.32
1179,7.78
1180,8.34
1181,11.29
1182,16.23
1183,12.85
1184,8.59
1185,9.11
1186,13.71
1187,10.62
1188,19.45
1189,6.42
1190,18.75
1191,14.12
1192,16.76
1193,8.68
1194,9.83
1195,6.86
1196,9.23
1197,10.57
1198,7.69
1199,10.96
1200,16.54
1201,6.64
1202,13.72
1203,4.13
1204,18.5
1205,10.4
1206,45.68
1207,16.88
1208,17.53
1209,13.62
1210,16.16
1211,6.6
1212,12.86
1213,9.04
1214,13.23
1215,0.06
1216,0.13
1217,10.9
1218,9.51
1219,10.09
1220,19.31
1221,7.9
1222,7.46
1223,9.44
1224,5.71
1225,6.41
1226,16.74
1227,11.04
1228,17.81
1229,10.56
1230,12.53
1231,12.14
1232,10.36
1233,11.36
1234,11.57
1235,13.29
1236,17.0
1237,10.89
1238,15.08
1239,11.33
1240,8.18
1241,5.93
1242,7.8
1243,17.52
1244,10.86
1245,8.38
1246,13.54
1247,8.37
1248,0.15
1249,7.68
1250,7.97
1251,20.1
1252,5.12
1253,7.51
1254,6.56
1255,17.26
1256,9.69
1257,20.02
1258,21.76
1259,17.37
1260,8.08
1261,11.55
1262,10.84
1263,19.4
1264,18.39
1265,19.04
1266,12.0
1267,5.33
1268,20.99
1269,20.68
1270,21.16
1271,10.77
1272,7.71
1273,8.99
1274,22.35
1275,16.5
1276,12.16
1277,12.28
1278,7.04
1279,6.33
1280,13.57
1281,6.61
1282,0.21
1283,12.13
1284,6.77
1285,18.08
1286,15.19
1287,10.98
1288,12.99
1289,8.41
1290,40.27
1291,4.86
1292,17.35
1293,13.03
1294,9.76
1295,7.66
1296,11.48
1297,13.39
1298,15.98
1299,11.6
1300,8.48
1301,18.52
1302,17.91
1303,14.44
1304,16.47
1305,20.56
1306,14.27
1307,9.32
1308,11.35
1309,8.33
1310,7.29
1311,6.92
1312,9.27
1313,12.8
1314,19.08
1315,7.48
1316,7.58
1317,11.69
1318,11.52
1319,6.91
1320,10.04
1321,17.63
1322,7.05
1323,7.33
1324,21.72
1325,22.23
1326,17.31
1327,17.19
1328,25.62
1329,5.75
1330,10.31
1331,4.18
1332,11.45
1333,14.0
1334,12.15
1335,17.94
1336,16.83
1337,7.1
1338,15.17
1339,8.13
1340,12.67
1341,13.17
1342,5.42
1343,14.66
1344,7.54
1345,9.56
1346,11.42
1347,9.78
1348,16.55
1349,8.8
1350,20.21
1351,19.92
1352,7.99
1353,7.0
1354,6.87
1355,9.57
1356,8.61
1357,20.96
1358,15.3
1359,6.93
1360,17.59
1361,11.9
1362,12.17
1363,18.91
1364,19.23
1365,13.74
1366,10.51
1367,15.14
1368,8.07
1369,10.23
1370,5.28
1371,13.44
1372,8.47
1373,6.11
1374,12.41
1375,18.1
1376,8.67
1377,10.68
1378,5.87
1379,10.22
1380,6.83
1381,16.51
1382,21.8
1383,15.62
1384,8.43
1385,35.94
1386,11.1
1387,5.94
1388,15.75
1389,12.29
1390,16.79
1391,12.58
1392,21.33
1393,17.16
1394,9.25
1395,11.17
1396,5.53
1397,7.02
1398,11.92
1399,19.91
1400,11.76
1401,7.19
1402,14.93
1403,11.85
1404,10.87
1405,12.35
1406,9.92
1407,17.24
1408,15.59
1409,9.33
1410,20.26
1411,12.22
1412,16.15
1413,12.4
1414,9.95
1415,19.26
1416,7.84
1417,14.84
1418,12.57
1419,19.22
1420,7.34
1421,13.51
1422,12.7
1423,7.2
1424,14.26
1425,5.44
1426,9.65
1427,27.67
1428,8.76
1429,15.9
1430,11.49
1431,13.34
1432,9.88
1433,6.28
1434,18.16
1435,17.86
1436,19.46
1437,15.69
1438,18.78
1439,10.1
1440,16.46
1441,8.32
1442,16.84
1443,11.44
1444,14.47
1445,11.95
1446,20.28
1447,12.21
1448,20.48
1449,11.97
1450,8.83
1451,13.88
1452,18.01
1453,13.59
1454,17.98
1455,9.68
1456,16.29
1457,11.26
1458,11.32
1459,14.07
1460,14.09
1461,15.11
1462,17.23
1463,16.63
1464,13.2
1465,20.45
1466,11.56
1467,8.52
1468,21.14
1469,10.33
1470,22.17
1471,13.6
1472,16.95
1473,16.03
1474,16.35
1475,17.74
1476,10.76
1477,11.71
1478,13.83
1479,10.21
1480,20.29
1481,7.79
1482,14.04
1483,17.76
1484,22.58
1485,16.32
1486,5.85
1487,13.33
1488,15.38
1489,8.39
1490,18.4
1491,0.09
1492,9.71
1493,11.05
1494,8.5
1495,9.96
1496,19.06
1497,7.38
1498,10.58
1499,7.23
1500,7.88
1501,16.4
1502,13.26
1503,19.67
1504,11.41
1505,6.63
1506,7.59
1507,11.84
1508,16.08
1509,10.7
1510,6.47
1511,18.46
1512,14.41
1513,7.28
1514,20.23
1515,11.51
1516,15.06
1517,17.05
1518,13.46
1519,21.56
1520,13.56
1521,17.79
1522,8.93
1523,12.65
1524,18.13
1525,9.63
1526,26.05
1527,14.62
1528,17.3
1529,19.03
1530,15.27
1531,8.4
1532,21.59
1533,16.72
1534,6.74
1535,9.61
1536,16.66
1537,21.25
1538,14.11
1539,0.12
1540,8.24
1541,12.31
1542,7.85
1543,10.82
1544,17.29
1545,25.32
1546,9.99
1547,21.37
1548,13.66
1549,11.39
1550,10.39
1551,16.97
1552,11.77
1553,17.93
1554,11.62
1555,15.31
1556,11.14
1557,9.28
1558,13.12
1559,7.6
1560,14.51
1561,15.34
1562,15.54
1563,9.75
1564,14.36
1565,18.25
1566,15.07
1567,48.18
1568,8.27
1569,16.92
1570,7.95
1571,11.47
1572,10.66
1573,11.88
1574,20.7
1575,12.43
1576,12.77
1577,12.03
1578,20.49
1579,18.35
1580,16.05
1581,17.51
1582,18.26
1583,6.59
1584,13.47
1585,11.91
1586,5.48
1587,0.14
1588,15.99
1589,13.94
1590,13.02
1591,19.63
1592,14.58
1593,14.28
1594,10.44
1595,13.32
1596,15.2
1597,15.8
1598,14.99
1599,36.25
1600,24.74
1601,8.7
1602,9.12
1603,5.88
1604,21.93
1605,9.62
1606,18.48
1607,12.95
1608,7.72
1609,21.32
1610,14.74
1611,28.64
1612,7.36
1613,21.82
1614,34.95
1615,16.8
1616,19.51
1617,15.66
1618,10.15
1619,18.93
1620,13.16
1621,9.97
1622,12.2
1623,17.41
1624,16.18
1625,15.51
1626,11.11
1627,5.73
1628,13.69
1629,15.01
1630,10.72
1631,15.86
1632,14.59
1633,9.72
1634,10.07
1635,16.44
1636,12.68
1637,16.48
1638,13.22
1639,10.92
1640,10.53
1641,30.13
1642,11.83
1643,9.77
1644,18.99
1645,15.83
1646,11.67
1647,16.37
1648,7.26
1649,11.68
1650,5.46
1651,7.63
1652,9.03
1653,17.28
1654,16.96
1655,14.3
1656,7.09
1657,15.13
1658,19.93
1659,18.82
1660,12.82
1661,26.46
1662,14.22
1663,11.86
1664,12.02
1665,17.9
1666,14.97
1667,19.01
1668,8.88
1669,10.05
1670,11.87
1671,11.78
1672,15.12
1673,8.73
1674,8.75
1675,14.13
1676,7.81
1677,16.57
1678,21.0
1679,10.63
1680,9.38
1681,6.97
1682,14.4
1683,8.94
1684,8.49
1685,21.78
1686,15.0
1687,21.15
1688,18.09
1689,10.25
1690,12.18
1691,16.93
1692,19.84
1693,16.69
1694,13.4
1695,17.54
1696,23.79
1697,11.74
1698,21.45
1699,20.79
1700,13.41
1701,13.49
1702,15.26
1703,18.21
1704,16.11
1705,15.71
1706,11.37
1707,18.63
1708,17.01
1709,20.69
1710,15.53
1711,26.32
1712,11.09
1713,18.47
1714,10.5
1715,20.33
1716,17.08
1717,14.49
1718,23.15
1719,16.1
1720,14.02
1721,25.71
1722,18.92
1723,8.84
1724,9.15
1725,17.25
1726,9.58
1727,21.44
1728,13.05
1729,12.72
1730,13.36
1731,15.88
1732,11.21
1733,20.72
1734,19.56
1735,17.48
1736,9.43
1737,13.77
1738,10.11
1739,10.12
1740,16.24
1741,12.12
1742,18.62
1743,10.08
1744,15.97
1745,9.59
1746,18.12
1747,42.18
1748,12.51
1749,11.99
1750,21.6
1751,11.81
1752,21.22
1753,12.01
1754,16.67
1755,20.8
1756,19.81
1757,12.26
1758,13.78
1759,17.11
1760,14.91
1761,11.02
1762,21.27
1763,9.91
1764,19.75
1765,21.7
1766,16.82
1767,17.27
1768,16.87
1769,24.26
1770,10.67
1771,17.64
1772,15.33
1773,20.09
1774,15.24
1775,16.25
1776,7.55
1777,28.4
1778,15.55
1779,21.9
1780,17.33
1781,14.43
1782,15.74
1783,16.43
1784,32.03
1785,51.27
1786,17.21
1787,15.95
1788,45.56
1789,17.96
1790,17.03
1791,20.41
1792,25.06
1793,10.43
1794,14.34
1795,11.64
1796,12.56
1797,17.02
1798,18.07
1799,19.15
1800,13.04
1801,11.94
1802,11.8
1803,14.88
1804,14.73
1805,24.39
1806,21.55
1807,20.07
1808,22.39
1809,12.94
1810,20.76
1811,17.5
1812,17.97
1813,13.0
1814,15.28
1815,16.58
1816,16.12
1817,27.05
1818,23.69
1819,11.13
1820,22.49
1821,23.14
1822,17.65
1823,10.73
1824,21.31
1825,26.77
1826,14.19
1827,12.96
1828,15.29
1829,17.2
1830,18.43
1831,20.06
1832,21.05
1833,18.88
1834,15.04
1835,16.59
1836,13.19
1837,16.56
1838,13.1
1839,12.19
1840,15.87
1841,20.43
1842,15.94
1843,13.07
1844,19.13
1845,11.63
1846,27.76
1847,23.45
1848,13.58
1849,20.19
1850,10.01
1851,11.5
1852,19.82
1853,18.0
1854,17.67
1855,40.08
1856,16.71
1857,11.65
1858,15.02
1859,17.12
1860,14.03
1861,22.69
1862,12.47
1863,19.19
1864,22.07
1865,16.19
1866,35.19
1867,22.29
1868,21.58
1869,13.85
1870,14.35
1871,12.61
1872,17.68
1873,17.87
1874,15.1
1875,16.42
1876,19.14
1877,18.33
1878,20.05
1879,15.23
1880,9.89
1881,18.83
1882,29.62
1883,25.96
1884,22.51
1885,21.08
1886,16.13
1887,12.83
1888,20.87
1889,13.81
1890,19.09
1891,19.38
1892,14.38
1893,13.67
1894,19.0
1895,16.52
1896,12.97
1897,12.38
1898,16.34
1899,21.73
1900,23.42
1901,19.78
1902,14.45
1903,16.99
1904,18.53
1905,19.55
1906,28.7
1907,13.37
1908,14.6
1909,10.24
1910,24.6
1911,13.31
1912,15.05
1913,31.26
1914,23.0
1915,17.57
1916,16.38
1917,13.24
1918,20.97
1919,19.58
1920,14.89
1921,41.91
1922,16.65
1923,13.9
1924,30.22
1925,20.22
1926,23.94
1927,10.14
1928,28.37
1929,15.72
1930,15.65
1931,32.39
1932,24.55
1933,13.06
1934,49.56
1935,13.68
1936,17.72
1937,20.66
1938,14.95
1939,20.16
1940,22.28
1941,13.43
1942,19.42
1943,16.09
1944,18.59
1945,13.18
1946,21.09
1947,18.58
1948,19.5
1949,22.63
1950,28.31
1951,15.73
1952,12.46
1953,18.02
1954,15.77
1955,24.11
1956,21.88
1957,13.82
1958,20.55
1959,20.71
1960,14.96
1961,14.92
1962,18.68
1963,19.72
1964,20.11
1965,14.78
1966,20.36
1967,12.08
1968,26.64
1969,17.13
1970,17.7
1971,28.14
1972,14.68
1973,13.21
1974,16.89
1975,14.05
1976,13.96
1977,13.15
1978,16.26
1979,15.96
1980,12.23
1981,25.08
1982,18.73
1983,28.0
1984,10.59
1985,28.11
1986,19.37
1987,31.68
1988,22.77
1989,18.86
1990,20.04
1991,12.27
1992,21.69
1993,15.64
1994,17.95
1995,23.16
1996,15.4
1997,19.95
1998,14.17
1999,20.73
2000,18.72
2001,17.92
2002,19.96
2003,19.62
2004,19.68
2005,12.49
2006,18.27
2007,12.5
2008,21.3
2009,21.21
2010,15.36
2011,13.76
2012,20.64
2013,26.42
2014,30.66
2015,17.75
2016,27.02
2017,18.55
2018,13.08
2019,22.06
2020,20.18
2021,20.03
2022,16.31
2023,22.02
2024,20.83
2025,18.8
2026,20.98
2027,12.32
2028,22.53
2029,19.66
2030,18.96
2031,26.25
2032,16.73
2033,15.52
2034,28.71
2035,15.49
2036,11.61
2037,13.91
2038,14.81
2039,16.36
2040,21.18
2041,19.16
2042,16.07
2043,23.71
2044,14.75
2045,13.63
2046,14.06
2047,15.47
2048,25.39
2049,14.71
2050,21.13
2051,14.79
2052,14.86
2053,13.25
2054,15.78
2055,23.53
2056,21.42
2057,19.21
2058,14.39
2059,21.92
2060,26.24
2061,15.43
2062,15.89
2063,22.03
2064,15.93
2065,15.16
2066,12.89
2067,19.2
2068,19.34
2069,24.42
2070,27.57
2071,15.45
2072,26.08
2073,15.09
2074,20.93
2075,21.68
2076,22.95
2077,21.34
2078,14.15
2079,20.25
2080,20.17
2081,18.2
2082,18.6
2083,19.94
2084,23.4
2085,19.9
2086,19.8
2087,18.76
2088,15.25
2089,18.38
2090,21.94
2091,18.7
2092,13.7
2093,32.6
2094,14.9
2095,16.6
2096,14.2
2097,19.05
2098,13.8
2099,14.8
2100,41.55
2101,19.41
2102,18.28
2103,15.85
2104,22.86
2105,27.16
2106,14.5
2107,14.42
2108,27.52
2109,27.68
2110,13.98
2111,18.65
2112,19.89
2113,19.48
2114,20.94
2115,18.61
2116,22.93
2117,27.78
2118,17.88
2119,26.16
2120,25.85
2121,22.48
2122,21.52
2123,21.07
2124,7.92
2125,18.94
2126,19.18
2127,20.34
2128,16.0
2129,12.52
2130,18.87
2131,14.94
2132,14.77
2133,19.52
2134,21.35
2135,23.02
2136,33.11
2137,15.44
2138,47.0
2139,16.04
2140,13.95
2141,22.25
2142,19.73
2143,15.32
2144,16.17
2145,18.51
2146,31.6
2147,23.1
2148,23.72
2149,15.7
2150,22.4
2151,13.53
2152,26.58
2153,20.92
2154,20.44
2155,20.4
2156,15.22
2157,14.67
2158,21.06
2159,33.6
2160,28.5
2161,19.07
2162,20.88
2163,16.22
2164,45.1
2165,15.84
2166,22.44
2167,19.3
2168,22.1
2169,20.62
2170,17.84
2171,14.54
2172,15.37
2173,14.7
2174,160.8
2175,19.33
2176,20.9
2177,19.7
2178,15.6
2179,20.77
2180,19.77
2181,26.9
2182,24.66
2183,20.42
2184,12.63
2185,17.22
2186,13.84
2187,29.18
2188,16.01
2189,22.41
2190,20.24
2191,15.21
2192,28.83
2193,21.53
2194,21.47
2195,21.62
2196,31.55
2197,15.56
2198,20.91
2199,12.73
2200,20.37
2201,25.55
2202,20.0
2203,22.2
2204,20.85
2205,23.9
2206,15.58
2207,21.41
2208,13.99
2209,21.49
2210,14.46
2211,33.76
2212,28.53
2213,20.65
2214,15.42
2215,23.7
2216,22.6
2217,23.2
2218,14.14
2219,18.56
2220,26.38
2221,16.61
2222,19.25
2223,35.1
2224,21.1
2225,28.61
2226,23.33
2227,22.62
2228,24.1
2229,14.55
2230,33.18
2231,19.1
2232,23.49
2233,21.48
2234,21.5
2235,25.67
2236,24.87
2237,22.96
2238,19.12
2239,21.84
2240,20.15
2241,15.76
2242,15.39
2243,21.97
2244,21.02
2245,25.1
2246,28.49
2247,15.82
2248,27.33
2249,21.19
2250,20.57
2251,30.38
2252,21.38
2253,29.15
2254,20.51
2255,19.61
2256,25.01
2257,16.06
2258,25.9
2259,21.12
2260,19.53
2261,20.75
2262,22.7
2263,22.3
2264,38.7
2265,18.66
2266,24.7
2267,20.13
2268,13.11
2269,18.77
2270,21.64
2271,20.82
2272,23.67
2273,55.01
2274,14.37
2275,26.21
2276,15.61
2277,27.95
2278,15.92
2279,28.74
2280,13.61
2281,14.08
2282,27.46
2283,29.5
2284,16.14
2285,20.95
2286,14.31
2287,22.33
2288,24.25
2289,16.33
2290,20.47
2291,11.89
2292,29.99
2293,20.31
2294,26.33
2295,14.83
2296,32.8
2297,26.34
2298,23.38
2299,15.91
2300,21.11
2301,20.63
2302,184.4
